{
  "timestamp": 1733762346032,
  "data": {
    "USDC": {
      "buyOrders": 205,
      "sellOrders": 3002,
      "buyVolume": 414499171.967383,
      "sellVolume": 20095850.192003
    },
    "USDT": {
      "buyOrders": 43,
      "sellOrders": 917,
      "buyVolume": 1520551.826258,
      "sellVolume": 3539694.369355
    },
    "SOL": {
      "buyOrders": 5643,
      "sellOrders": 197,
      "buyVolume": 5209299.304645233,
      "sellVolume": 11583.753012548
    },
    "mSOL": {
      "buyOrders": 12,
      "sellOrders": 1675,
      "buyVolume": 7.97744979,
      "sellVolume": 3465.067152089
    },
    "BONK": {
      "buyOrders": 106,
      "sellOrders": 118,
      "buyVolume": 496064.80479,
      "sellVolume": 53164734682.30482
    },
    "LOGOS": {
      "buyOrders": 3,
      "sellOrders": 5,
      "buyVolume": 8208,
      "sellVolume": 7222712.513581
    },
    "CHAOS": {
      "buyOrders": 6,
      "sellOrders": 106,
      "buyVolume": 25257,
      "sellVolume": 75581560.410674
    },
    "RLBB": {
      "buyOrders": 6,
      "sellOrders": 1,
      "buyVolume": 5818978.23,
      "sellVolume": 10
    },
    "SAMO": {
      "buyOrders": 4,
      "sellOrders": 7,
      "buyVolume": 1.1,
      "sellVolume": 187449.653385234
    }
  }
}